[
{"title": "气缸体", "url": "http://www.baike.com/wiki/气缸体", "image": "http://a2.att.hudong.com/03/53/50200009239445155357531557385_s.jpg", "openTypeList": "汽车##汽车构件##煤矿##物理学##生活##航海科技名词##铁道科技名词", "detail": "发动机的主体，它将各个气缸和曲轴箱连成一体，是安装活塞、曲轴以及其他零件和附件的支承骨架。", "baseInfoKeyList": "中文名：##功能：##部 位：##工作条件：##缸 数：##冷却方式：", "baseInfoValueList": "气缸体##将各个气缸和曲轴箱连成一体##发动机的主体##恶劣##3、4、5、6、8、10、12缸##对置式"},
{"title": "直径", "url": "http://www.baike.com/wiki/直径", "image": "http://a1.att.hudong.com/87/92/50200009239445155863929557183_s.jpg", "openTypeList": "人体解剖学名词##圆##基本物理概念##天体物理学##数学名词##数学术语##物理学##生物化学品##科学##科学名词##自然科学", "detail": "直径，是指通过一平面图形或立体（如圆、圆锥截面、球、立方体）中心到边上两点间的距离，通常用字母“d”表示。连接圆周上两点并通过圆心的线段称圆直径，连接球面上两点并通过球心的直线称球直径。", "baseInfoKeyList": "中文名：##英文名：##别称：##拼音：##直径符号：##表示字母：##所用学科：", "baseInfoValueList": "直径##diameter##经过圆心的弦##zhí jìng##Φ##d##数学"},
{"title": "间隙", "url": "http://www.baike.com/wiki/间隙", "image": "http://a2.att.hudong.com/38/70/50200009239445155963701439284_s.jpg", "openTypeList": "", "detail": "间隙，是指两个事物之间的空间或时间的距离。见《国语·晋语八》：“及文子成晋、荆之盟，丰兄弟之国，使无有间隙。”", "baseInfoKeyList": "", "baseInfoValueList": ""},
{"title": "活塞", "url": "http://www.baike.com/wiki/活塞", "image": "http://a3.att.hudong.com/15/13/50200009239445155332136730916_s.jpg", "openTypeList": "", "detail": "底特律活塞队，成立于1941年并在1948年加盟NBA，是一支属于美国的密歇根州底特律市的职业篮球队，是美国男篮职业联赛（NBA）东部联盟中部赛区的一部分。", "baseInfoKeyList": "", "baseInfoValueList": ""},
{"title": "气缸", "url": "http://www.baike.com/wiki/气缸", "image": "http://a3.att.hudong.com/33/37/50200009239445155865378844568_s.jpg", "openTypeList": "交通##机械##机械工程##汽车专业术语##汽车构件##生活##船舶##铁道科技名词", "detail": "引导活塞在缸内进行直线往复运动的圆筒形金属机件。空气在发动机气缸中通过膨胀将热能转化为机械能；气体在压缩机气缸中接受活塞压缩而提高压力。", "baseInfoKeyList": "中文名：##能耗类型：##材 质：##分 类：", "baseInfoValueList": "气缸##压缩空气##铝，碳钢##单作用气缸等"}
][
{"title": "气缸体", "url": "http://www.baike.com/wiki/气缸体", "image": "http://a2.att.hudong.com/03/53/50200009239445155357531557385_s.jpg", "openTypeList": "汽车##汽车构件##煤矿##物理学##生活##航海科技名词##铁道科技名词", "detail": "发动机的主体，它将各个气缸和曲轴箱连成一体，是安装活塞、曲轴以及其他零件和附件的支承骨架。", "baseInfoKeyList": "中文名：##功能：##部 位：##工作条件：##缸 数：##冷却方式：", "baseInfoValueList": "气缸体##将各个气缸和曲轴箱连成一体##发动机的主体##恶劣##3、4、5、6、8、10、12缸##对置式"},
{"title": "气缸", "url": "http://www.baike.com/wiki/气缸", "image": "http://a3.att.hudong.com/33/37/50200009239445155865378844568_s.jpg", "openTypeList": "交通##机械##机械工程##汽车专业术语##汽车构件##生活##船舶##铁道科技名词", "detail": "引导活塞在缸内进行直线往复运动的圆筒形金属机件。空气在发动机气缸中通过膨胀将热能转化为机械能；气体在压缩机气缸中接受活塞压缩而提高压力。", "baseInfoKeyList": "中文名：##能耗类型：##材 质：##分 类：", "baseInfoValueList": "气缸##压缩空气##铝，碳钢##单作用气缸等"},
{"title": "间隙", "url": "http://www.baike.com/wiki/间隙", "image": "http://a2.att.hudong.com/38/70/50200009239445155963701439284_s.jpg", "openTypeList": "", "detail": "间隙，是指两个事物之间的空间或时间的距离。见《国语·晋语八》：“及文子成晋、荆之盟，丰兄弟之国，使无有间隙。”", "baseInfoKeyList": "", "baseInfoValueList": ""},
{"title": "活塞", "url": "http://www.baike.com/wiki/活塞", "image": "http://a3.att.hudong.com/15/13/50200009239445155332136730916_s.jpg", "openTypeList": "", "detail": "底特律活塞队，成立于1941年并在1948年加盟NBA，是一支属于美国的密歇根州底特律市的职业篮球队，是美国男篮职业联赛（NBA）东部联盟中部赛区的一部分。", "baseInfoKeyList": "", "baseInfoValueList": ""},
{"title": "直径", "url": "http://www.baike.com/wiki/直径", "image": "http://a1.att.hudong.com/87/92/50200009239445155863929557183_s.jpg", "openTypeList": "人体解剖学名词##圆##基本物理概念##天体物理学##数学名词##数学术语##物理学##生物化学品##科学##科学名词##自然科学", "detail": "直径，是指通过一平面图形或立体（如圆、圆锥截面、球、立方体）中心到边上两点间的距离，通常用字母“d”表示。连接圆周上两点并通过圆心的线段称圆直径，连接球面上两点并通过球心的直线称球直径。", "baseInfoKeyList": "中文名：##英文名：##别称：##拼音：##直径符号：##表示字母：##所用学科：", "baseInfoValueList": "直径##diameter##经过圆心的弦##zhí jìng##Φ##d##数学"}
][
{"title": "直径", "url": "http://www.baike.com/wiki/直径", "image": "http://a1.att.hudong.com/87/92/50200009239445155863929557183_s.jpg", "openTypeList": "人体解剖学名词##圆##基本物理概念##天体物理学##数学名词##数学术语##物理学##生物化学品##科学##科学名词##自然科学", "detail": "直径，是指通过一平面图形或立体（如圆、圆锥截面、球、立方体）中心到边上两点间的距离，通常用字母“d”表示。连接圆周上两点并通过圆心的线段称圆直径，连接球面上两点并通过球心的直线称球直径。", "baseInfoKeyList": "中文名：##英文名：##别称：##拼音：##直径符号：##表示字母：##所用学科：", "baseInfoValueList": "直径##diameter##经过圆心的弦##zhí jìng##Φ##d##数学"},
{"title": "气缸体", "url": "http://www.baike.com/wiki/气缸体", "image": "http://a2.att.hudong.com/03/53/50200009239445155357531557385_s.jpg", "openTypeList": "汽车##汽车构件##煤矿##物理学##生活##航海科技名词##铁道科技名词", "detail": "发动机的主体，它将各个气缸和曲轴箱连成一体，是安装活塞、曲轴以及其他零件和附件的支承骨架。", "baseInfoKeyList": "中文名：##功能：##部 位：##工作条件：##缸 数：##冷却方式：", "baseInfoValueList": "气缸体##将各个气缸和曲轴箱连成一体##发动机的主体##恶劣##3、4、5、6、8、10、12缸##对置式"},
{"title": "活塞", "url": "http://www.baike.com/wiki/活塞", "image": "http://a3.att.hudong.com/15/13/50200009239445155332136730916_s.jpg", "openTypeList": "", "detail": "底特律活塞队，成立于1941年并在1948年加盟NBA，是一支属于美国的密歇根州底特律市的职业篮球队，是美国男篮职业联赛（NBA）东部联盟中部赛区的一部分。", "baseInfoKeyList": "", "baseInfoValueList": ""},
{"title": "气缸", "url": "http://www.baike.com/wiki/气缸", "image": "http://a3.att.hudong.com/33/37/50200009239445155865378844568_s.jpg", "openTypeList": "交通##机械##机械工程##汽车专业术语##汽车构件##生活##船舶##铁道科技名词", "detail": "引导活塞在缸内进行直线往复运动的圆筒形金属机件。空气在发动机气缸中通过膨胀将热能转化为机械能；气体在压缩机气缸中接受活塞压缩而提高压力。", "baseInfoKeyList": "中文名：##能耗类型：##材 质：##分 类：", "baseInfoValueList": "气缸##压缩空气##铝，碳钢##单作用气缸等"},
{"title": "间隙", "url": "http://www.baike.com/wiki/间隙", "image": "http://a2.att.hudong.com/38/70/50200009239445155963701439284_s.jpg", "openTypeList": "", "detail": "间隙，是指两个事物之间的空间或时间的距离。见《国语·晋语八》：“及文子成晋、荆之盟，丰兄弟之国，使无有间隙。”", "baseInfoKeyList": "", "baseInfoValueList": ""}
][
{"title": "气缸体", "url": "http://www.baike.com/wiki/气缸体", "image": "http://a2.att.hudong.com/03/53/50200009239445155357531557385_s.jpg", "openTypeList": "汽车##汽车构件##煤矿##物理学##生活##航海科技名词##铁道科技名词", "detail": "发动机的主体，它将各个气缸和曲轴箱连成一体，是安装活塞、曲轴以及其他零件和附件的支承骨架。", "baseInfoKeyList": "中文名：##功能：##部 位：##工作条件：##缸 数：##冷却方式：", "baseInfoValueList": "气缸体##将各个气缸和曲轴箱连成一体##发动机的主体##恶劣##3、4、5、6、8、10、12缸##对置式"},
{"title": "气缸", "url": "http://www.baike.com/wiki/气缸", "image": "http://a3.att.hudong.com/33/37/50200009239445155865378844568_s.jpg", "openTypeList": "交通##机械##机械工程##汽车专业术语##汽车构件##生活##船舶##铁道科技名词", "detail": "引导活塞在缸内进行直线往复运动的圆筒形金属机件。空气在发动机气缸中通过膨胀将热能转化为机械能；气体在压缩机气缸中接受活塞压缩而提高压力。", "baseInfoKeyList": "中文名：##能耗类型：##材 质：##分 类：", "baseInfoValueList": "气缸##压缩空气##铝，碳钢##单作用气缸等"},
{"title": "间隙", "url": "http://www.baike.com/wiki/间隙", "image": "http://a2.att.hudong.com/38/70/50200009239445155963701439284_s.jpg", "openTypeList": "", "detail": "间隙，是指两个事物之间的空间或时间的距离。见《国语·晋语八》：“及文子成晋、荆之盟，丰兄弟之国，使无有间隙。”", "baseInfoKeyList": "", "baseInfoValueList": ""},
{"title": "活塞", "url": "http://www.baike.com/wiki/活塞", "image": "http://a3.att.hudong.com/15/13/50200009239445155332136730916_s.jpg", "openTypeList": "", "detail": "底特律活塞队，成立于1941年并在1948年加盟NBA，是一支属于美国的密歇根州底特律市的职业篮球队，是美国男篮职业联赛（NBA）东部联盟中部赛区的一部分。", "baseInfoKeyList": "", "baseInfoValueList": ""},
{"title": "直径", "url": "http://www.baike.com/wiki/直径", "image": "http://a1.att.hudong.com/87/92/50200009239445155863929557183_s.jpg", "openTypeList": "人体解剖学名词##圆##基本物理概念##天体物理学##数学名词##数学术语##物理学##生物化学品##科学##科学名词##自然科学", "detail": "直径，是指通过一平面图形或立体（如圆、圆锥截面、球、立方体）中心到边上两点间的距离，通常用字母“d”表示。连接圆周上两点并通过圆心的线段称圆直径，连接球面上两点并通过球心的直线称球直径。", "baseInfoKeyList": "中文名：##英文名：##别称：##拼音：##直径符号：##表示字母：##所用学科：", "baseInfoValueList": "直径##diameter##经过圆心的弦##zhí jìng##Φ##d##数学"}
][
{"title": "气缸体", "url": "http://www.baike.com/wiki/气缸体", "image": "http://a2.att.hudong.com/03/53/50200009239445155357531557385_s.jpg", "openTypeList": "汽车##汽车构件##煤矿##物理学##生活##航海科技名词##铁道科技名词", "detail": "发动机的主体，它将各个气缸和曲轴箱连成一体，是安装活塞、曲轴以及其他零件和附件的支承骨架。", "baseInfoKeyList": "中文名：##功能：##部 位：##工作条件：##缸 数：##冷却方式：", "baseInfoValueList": "气缸体##将各个气缸和曲轴箱连成一体##发动机的主体##恶劣##3、4、5、6、8、10、12缸##对置式"},
{"title": "直径", "url": "http://www.baike.com/wiki/直径", "image": "http://a1.att.hudong.com/87/92/50200009239445155863929557183_s.jpg", "openTypeList": "人体解剖学名词##圆##基本物理概念##天体物理学##数学名词##数学术语##物理学##生物化学品##科学##科学名词##自然科学", "detail": "直径，是指通过一平面图形或立体（如圆、圆锥截面、球、立方体）中心到边上两点间的距离，通常用字母“d”表示。连接圆周上两点并通过圆心的线段称圆直径，连接球面上两点并通过球心的直线称球直径。", "baseInfoKeyList": "中文名：##英文名：##别称：##拼音：##直径符号：##表示字母：##所用学科：", "baseInfoValueList": "直径##diameter##经过圆心的弦##zhí jìng##Φ##d##数学"},
{"title": "间隙", "url": "http://www.baike.com/wiki/间隙", "image": "http://a2.att.hudong.com/38/70/50200009239445155963701439284_s.jpg", "openTypeList": "", "detail": "间隙，是指两个事物之间的空间或时间的距离。见《国语·晋语八》：“及文子成晋、荆之盟，丰兄弟之国，使无有间隙。”", "baseInfoKeyList": "", "baseInfoValueList": ""},
{"title": "活塞", "url": "http://www.baike.com/wiki/活塞", "image": "http://a3.att.hudong.com/15/13/50200009239445155332136730916_s.jpg", "openTypeList": "", "detail": "底特律活塞队，成立于1941年并在1948年加盟NBA，是一支属于美国的密歇根州底特律市的职业篮球队，是美国男篮职业联赛（NBA）东部联盟中部赛区的一部分。", "baseInfoKeyList": "", "baseInfoValueList": ""},
{"title": "气缸", "url": "http://www.baike.com/wiki/气缸", "image": "http://a3.att.hudong.com/33/37/50200009239445155865378844568_s.jpg", "openTypeList": "交通##机械##机械工程##汽车专业术语##汽车构件##生活##船舶##铁道科技名词", "detail": "引导活塞在缸内进行直线往复运动的圆筒形金属机件。空气在发动机气缸中通过膨胀将热能转化为机械能；气体在压缩机气缸中接受活塞压缩而提高压力。", "baseInfoKeyList": "中文名：##能耗类型：##材 质：##分 类：", "baseInfoValueList": "气缸##压缩空气##铝，碳钢##单作用气缸等"}
]